Total renomeacoes: 148
Gerado em: 2026-02-11T22:12:27.727Z

DIR|frontend/public/produtos/Bones -> frontend/public/produtos/bones
DIR|frontend/public/produtos/CHAVEIROS -> frontend/public/produtos/chaveiros
FILE|frontend/public/produtos/chaveiros/446a39f4-e5d7-4877-96ad-fd056800c9e9.jpg -> frontend/public/produtos/chaveiros/chaveiros-001.jpg
FILE|frontend/public/produtos/chaveiros/529b9c0f-88f5-4702-b58d-1b996cc8dca7.jpg -> frontend/public/produtos/chaveiros/chaveiros-002.jpg
FILE|frontend/public/produtos/chaveiros/62c1c652-9016-4d31-9965-f7cbf80c7192.jpg -> frontend/public/produtos/chaveiros/chaveiros-003.jpg
FILE|frontend/public/produtos/chaveiros/671f144c-9d97-45f1-8dd9-095e4aae391d.jpg -> frontend/public/produtos/chaveiros/chaveiros-004.jpg
FILE|frontend/public/produtos/chaveiros/887bb445-210a-42f7-9e8e-6c8f4c593a71.jpg -> frontend/public/produtos/chaveiros/chaveiros-005.jpg
FILE|frontend/public/produtos/chaveiros/927aa517-e457-43ac-8300-b09d07ddd5cc.jpg -> frontend/public/produtos/chaveiros/chaveiros-006.jpg
FILE|frontend/public/produtos/chaveiros/9653251c-7873-4795-913c-c18c7eb9e76f.jpg -> frontend/public/produtos/chaveiros/chaveiros-007.jpg
FILE|frontend/public/produtos/chaveiros/9b3f218a-423a-49f1-afe5-a48d1a84e2bb.jpg -> frontend/public/produtos/chaveiros/chaveiros-008.jpg
FILE|frontend/public/produtos/chaveiros/a67f5be2-21c6-4e83-a212-61a59a5a0778.jpg -> frontend/public/produtos/chaveiros/chaveiros-009.jpg
FILE|frontend/public/produtos/chaveiros/da041aad-fb76-4ce4-8da3-eb0bfa2c4fef.jpg -> frontend/public/produtos/chaveiros/chaveiros-010.jpg
DIR|frontend/public/produtos/Corrente banhado ouro 18k -> frontend/public/produtos/corrente-banhado-ouro-18k
DIR|frontend/public/produtos/corrente-banhado-ouro-18k/Correntes finas 1-2mm  -> frontend/public/produtos/corrente-banhado-ouro-18k/correntes-finas-1-2mm
DIR|frontend/public/produtos/corrente-banhado-ouro-18k/correntes-finas-1-2mm/Cadeado 1,2mm -> frontend/public/produtos/corrente-banhado-ouro-18k/correntes-finas-1-2mm/cadeado-1-2mm
FILE|frontend/public/produtos/corrente-banhado-ouro-18k/correntes-finas-1-2mm/cadeado-1-2mm/IMG_1199.JPG -> frontend/public/produtos/corrente-banhado-ouro-18k/correntes-finas-1-2mm/cadeado-1-2mm/cadeado-1-2mm-001.jpg
FILE|frontend/public/produtos/corrente-banhado-ouro-18k/correntes-finas-1-2mm/cadeado-1-2mm/IMG_1206.JPG -> frontend/public/produtos/corrente-banhado-ouro-18k/correntes-finas-1-2mm/cadeado-1-2mm/cadeado-1-2mm-002.jpg
FILE|frontend/public/produtos/corrente-banhado-ouro-18k/correntes-finas-1-2mm/cadeado-1-2mm/IMG_1212.JPG -> frontend/public/produtos/corrente-banhado-ouro-18k/correntes-finas-1-2mm/cadeado-1-2mm/cadeado-1-2mm-003.jpg
DIR|frontend/public/produtos/corrente-banhado-ouro-18k/correntes-finas-1-2mm/Grumet 2mm  -> frontend/public/produtos/corrente-banhado-ouro-18k/correntes-finas-1-2mm/grumet-2mm
FILE|frontend/public/produtos/corrente-banhado-ouro-18k/correntes-finas-1-2mm/grumet-2mm/IMG_1151.JPG -> frontend/public/produtos/corrente-banhado-ouro-18k/correntes-finas-1-2mm/grumet-2mm/grumet-2mm-001.jpg
FILE|frontend/public/produtos/corrente-banhado-ouro-18k/correntes-finas-1-2mm/grumet-2mm/IMG_1158.JPG -> frontend/public/produtos/corrente-banhado-ouro-18k/correntes-finas-1-2mm/grumet-2mm/grumet-2mm-002.jpg
FILE|frontend/public/produtos/corrente-banhado-ouro-18k/correntes-finas-1-2mm/grumet-2mm/IMG_1164.JPG -> frontend/public/produtos/corrente-banhado-ouro-18k/correntes-finas-1-2mm/grumet-2mm/grumet-2mm-003.jpg
DIR|frontend/public/produtos/corrente-banhado-ouro-18k/correntes-finas-1-2mm/Veneziana 1,2mm -> frontend/public/produtos/corrente-banhado-ouro-18k/correntes-finas-1-2mm/veneziana-1-2mm
FILE|frontend/public/produtos/corrente-banhado-ouro-18k/correntes-finas-1-2mm/veneziana-1-2mm/IMG_1173.JPG -> frontend/public/produtos/corrente-banhado-ouro-18k/correntes-finas-1-2mm/veneziana-1-2mm/veneziana-1-2mm-001.jpg
FILE|frontend/public/produtos/corrente-banhado-ouro-18k/correntes-finas-1-2mm/veneziana-1-2mm/IMG_1180.JPG -> frontend/public/produtos/corrente-banhado-ouro-18k/correntes-finas-1-2mm/veneziana-1-2mm/veneziana-1-2mm-002.jpg
FILE|frontend/public/produtos/corrente-banhado-ouro-18k/correntes-finas-1-2mm/veneziana-1-2mm/IMG_1190.JPG -> frontend/public/produtos/corrente-banhado-ouro-18k/correntes-finas-1-2mm/veneziana-1-2mm/veneziana-1-2mm-003.jpg
DIR|frontend/public/produtos/corrente-banhado-ouro-18k/Correntes médias 3mm -> frontend/public/produtos/corrente-banhado-ouro-18k/correntes-medias-3mm
DIR|frontend/public/produtos/corrente-banhado-ouro-18k/correntes-medias-3mm/Cadeado 3mm -> frontend/public/produtos/corrente-banhado-ouro-18k/correntes-medias-3mm/cadeado-3mm
FILE|frontend/public/produtos/corrente-banhado-ouro-18k/correntes-medias-3mm/cadeado-3mm/IMG_2088.jpg -> frontend/public/produtos/corrente-banhado-ouro-18k/correntes-medias-3mm/cadeado-3mm/cadeado-3mm-001.jpg
FILE|frontend/public/produtos/corrente-banhado-ouro-18k/correntes-medias-3mm/cadeado-3mm/IMG_2091.jpg -> frontend/public/produtos/corrente-banhado-ouro-18k/correntes-medias-3mm/cadeado-3mm/cadeado-3mm-002.jpg
FILE|frontend/public/produtos/corrente-banhado-ouro-18k/correntes-medias-3mm/cadeado-3mm/IMG_2094.jpg -> frontend/public/produtos/corrente-banhado-ouro-18k/correntes-medias-3mm/cadeado-3mm/cadeado-3mm-003.jpg
DIR|frontend/public/produtos/corrente-banhado-ouro-18k/correntes-medias-3mm/Grumet 3mm -> frontend/public/produtos/corrente-banhado-ouro-18k/correntes-medias-3mm/grumet-3mm
FILE|frontend/public/produtos/corrente-banhado-ouro-18k/correntes-medias-3mm/grumet-3mm/IMG_2101.jpg -> frontend/public/produtos/corrente-banhado-ouro-18k/correntes-medias-3mm/grumet-3mm/grumet-3mm-001.jpg
FILE|frontend/public/produtos/corrente-banhado-ouro-18k/correntes-medias-3mm/grumet-3mm/IMG_2103.jpg -> frontend/public/produtos/corrente-banhado-ouro-18k/correntes-medias-3mm/grumet-3mm/grumet-3mm-002.jpg
FILE|frontend/public/produtos/corrente-banhado-ouro-18k/correntes-medias-3mm/grumet-3mm/IMG_2107.jpg -> frontend/public/produtos/corrente-banhado-ouro-18k/correntes-medias-3mm/grumet-3mm/grumet-3mm-003.jpg
DIR|frontend/public/produtos/corrente-banhado-ouro-18k/correntes-medias-3mm/Longa 3mm -> frontend/public/produtos/corrente-banhado-ouro-18k/correntes-medias-3mm/longa-3mm
FILE|frontend/public/produtos/corrente-banhado-ouro-18k/correntes-medias-3mm/longa-3mm/IMG_2078.jpg -> frontend/public/produtos/corrente-banhado-ouro-18k/correntes-medias-3mm/longa-3mm/longa-3mm-001.jpg
FILE|frontend/public/produtos/corrente-banhado-ouro-18k/correntes-medias-3mm/longa-3mm/IMG_2082.jpg -> frontend/public/produtos/corrente-banhado-ouro-18k/correntes-medias-3mm/longa-3mm/longa-3mm-002.jpg
FILE|frontend/public/produtos/corrente-banhado-ouro-18k/correntes-medias-3mm/longa-3mm/IMG_2085.jpg -> frontend/public/produtos/corrente-banhado-ouro-18k/correntes-medias-3mm/longa-3mm/longa-3mm-003.jpg
DIR|frontend/public/produtos/Kit infantil 1.1 -> frontend/public/produtos/kit-infantil-1-1
FILE|frontend/public/produtos/kit-infantil-1-1/0e4d6f3e-b1d4-4bcf-9a59-acdc5b1b07b7.jpg -> frontend/public/produtos/kit-infantil-1-1/kit-infantil-1-1-001.jpg
FILE|frontend/public/produtos/kit-infantil-1-1/22da97d9-23fb-49c9-a7dc-05961c2588e4.jpg -> frontend/public/produtos/kit-infantil-1-1/kit-infantil-1-1-002.jpg
FILE|frontend/public/produtos/kit-infantil-1-1/26c052da-e474-4ea3-b88c-82a209d29475.jpg -> frontend/public/produtos/kit-infantil-1-1/kit-infantil-1-1-003.jpg
FILE|frontend/public/produtos/kit-infantil-1-1/27c3da8f-16bc-4e3c-8806-eed2323a27d1.jpeg -> frontend/public/produtos/kit-infantil-1-1/kit-infantil-1-1-004.jpeg
FILE|frontend/public/produtos/kit-infantil-1-1/2bc503d6-5b17-4947-94e8-8430b8705980.jpeg -> frontend/public/produtos/kit-infantil-1-1/kit-infantil-1-1-005.jpeg
FILE|frontend/public/produtos/kit-infantil-1-1/4d4c2428-6e0b-4838-aeb3-cddafde18f91.jpeg -> frontend/public/produtos/kit-infantil-1-1/kit-infantil-1-1-006.jpeg
FILE|frontend/public/produtos/kit-infantil-1-1/60ad5a83-2cdc-4094-94dc-41355d4d22f6.jpg -> frontend/public/produtos/kit-infantil-1-1/kit-infantil-1-1-007.jpg
FILE|frontend/public/produtos/kit-infantil-1-1/729f337f-607c-4fb5-bf2c-ceb0db654ddf.jpg -> frontend/public/produtos/kit-infantil-1-1/kit-infantil-1-1-008.jpg
FILE|frontend/public/produtos/kit-infantil-1-1/86a128a1-d67f-4985-b9de-d5e88cdb3586.jpg -> frontend/public/produtos/kit-infantil-1-1/kit-infantil-1-1-009.jpg
FILE|frontend/public/produtos/kit-infantil-1-1/8788f9ea-6098-43e8-b14d-97fcb39d9749.jpg -> frontend/public/produtos/kit-infantil-1-1/kit-infantil-1-1-010.jpg
FILE|frontend/public/produtos/kit-infantil-1-1/8a370a06-a729-42b0-9654-8a27c3e7fec1.jpeg -> frontend/public/produtos/kit-infantil-1-1/kit-infantil-1-1-011.jpeg
FILE|frontend/public/produtos/kit-infantil-1-1/916b30e1-28f6-4615-aa52-5604641b6f1a.jpeg -> frontend/public/produtos/kit-infantil-1-1/kit-infantil-1-1-012.jpeg
FILE|frontend/public/produtos/kit-infantil-1-1/95291b89-bfab-4ab0-beb4-9da1e7e41847.jpg -> frontend/public/produtos/kit-infantil-1-1/kit-infantil-1-1-013.jpg
FILE|frontend/public/produtos/kit-infantil-1-1/b84bd172-c78b-4d5f-b3d3-d552f7d06135.jpg -> frontend/public/produtos/kit-infantil-1-1/kit-infantil-1-1-014.jpg
FILE|frontend/public/produtos/kit-infantil-1-1/bd740c1a-6929-4a6a-9454-dc22295a90c2.jpg -> frontend/public/produtos/kit-infantil-1-1/kit-infantil-1-1-015.jpg
FILE|frontend/public/produtos/kit-infantil-1-1/de0f6e1f-f2fa-489a-a02d-e44360f70eff.jpeg -> frontend/public/produtos/kit-infantil-1-1/kit-infantil-1-1-016.jpeg
FILE|frontend/public/produtos/kit-infantil-1-1/e5dc89d7-639c-48ae-be51-ec4e9b7707bc.jpeg -> frontend/public/produtos/kit-infantil-1-1/kit-infantil-1-1-017.jpeg
FILE|frontend/public/produtos/kit-infantil-1-1/fbf25934-4c8c-4f82-90ff-491b483fa8cc(1).jpg -> frontend/public/produtos/kit-infantil-1-1/kit-infantil-1-1-018.jpg
FILE|frontend/public/produtos/kit-infantil-1-1/fbf25934-4c8c-4f82-90ff-491b483fa8cc.jpg -> frontend/public/produtos/kit-infantil-1-1/kit-infantil-1-1-019.jpg
DIR|frontend/public/produtos/Modelo jogador 1.1 -> frontend/public/produtos/modelo-jogador-1-1
FILE|frontend/public/produtos/modelo-jogador-1-1/Barcelona Third Preta.jpeg -> frontend/public/produtos/modelo-jogador-1-1/barcelona-third-preta.jpeg
FILE|frontend/public/produtos/modelo-jogador-1-1/Corinthians Alway.jpeg -> frontend/public/produtos/modelo-jogador-1-1/corinthians-alway.jpeg
FILE|frontend/public/produtos/modelo-jogador-1-1/Corinthians Home.jpeg -> frontend/public/produtos/modelo-jogador-1-1/corinthians-home.jpeg
FILE|frontend/public/produtos/modelo-jogador-1-1/Flamengo Away.jpeg -> frontend/public/produtos/modelo-jogador-1-1/flamengo-away.jpeg
FILE|frontend/public/produtos/modelo-jogador-1-1/IMG_0930.png -> frontend/public/produtos/modelo-jogador-1-1/modelo-jogador-1-1-001.png
FILE|frontend/public/produtos/modelo-jogador-1-1/IMG_1075.png -> frontend/public/produtos/modelo-jogador-1-1/modelo-jogador-1-1-002.png
FILE|frontend/public/produtos/modelo-jogador-1-1/IMG_1174.png -> frontend/public/produtos/modelo-jogador-1-1/modelo-jogador-1-1-003.png
FILE|frontend/public/produtos/modelo-jogador-1-1/IMG_1185.png -> frontend/public/produtos/modelo-jogador-1-1/modelo-jogador-1-1-004.png
FILE|frontend/public/produtos/modelo-jogador-1-1/IMG_4642.png -> frontend/public/produtos/modelo-jogador-1-1/modelo-jogador-1-1-005.png
FILE|frontend/public/produtos/modelo-jogador-1-1/IMG_4775.png -> frontend/public/produtos/modelo-jogador-1-1/modelo-jogador-1-1-006.png
FILE|frontend/public/produtos/modelo-jogador-1-1/IMG_6253.png -> frontend/public/produtos/modelo-jogador-1-1/modelo-jogador-1-1-007.png
FILE|frontend/public/produtos/modelo-jogador-1-1/IMG_7656.png -> frontend/public/produtos/modelo-jogador-1-1/modelo-jogador-1-1-008.png
FILE|frontend/public/produtos/modelo-jogador-1-1/IMG_7658.png -> frontend/public/produtos/modelo-jogador-1-1/modelo-jogador-1-1-009.png
FILE|frontend/public/produtos/modelo-jogador-1-1/São Paulo FC Third.jpeg -> frontend/public/produtos/modelo-jogador-1-1/sao-paulo-fc-third.jpeg
FILE|frontend/public/produtos/modelo-jogador-1-1/São Paulo – Branca.jpeg -> frontend/public/produtos/modelo-jogador-1-1/sao-paulo-branca.jpeg
DIR|frontend/public/produtos/Nacional premium -> frontend/public/produtos/nacional-premium
DIR|frontend/public/produtos/nacional-premium/Feminino -> frontend/public/produtos/nacional-premium/feminino
FILE|frontend/public/produtos/nacional-premium/feminino/FullSizeRender.jpg -> frontend/public/produtos/nacional-premium/feminino/feminino-001.jpg
DIR|frontend/public/produtos/nacional-premium/Masculino  -> frontend/public/produtos/nacional-premium/masculino
FILE|frontend/public/produtos/nacional-premium/masculino/058aca91-37ca-4e48-9f7a-654d7e024cb9.jpeg -> frontend/public/produtos/nacional-premium/masculino/masculino-001.jpeg
FILE|frontend/public/produtos/nacional-premium/masculino/12185f82-481d-4d6b-9c9f-44586994cc9c.jpeg -> frontend/public/produtos/nacional-premium/masculino/masculino-002.jpeg
FILE|frontend/public/produtos/nacional-premium/masculino/2cba34a3-24ef-4415-8807-d01904d98a60.jpeg -> frontend/public/produtos/nacional-premium/masculino/masculino-003.jpeg
FILE|frontend/public/produtos/nacional-premium/masculino/47B48307-031D-418C-A4C3-5B59393A34BC.jpg -> frontend/public/produtos/nacional-premium/masculino/masculino-004.jpg
FILE|frontend/public/produtos/nacional-premium/masculino/4909136e-5d3e-4bdc-b7cf-d63520efaf48.jpeg -> frontend/public/produtos/nacional-premium/masculino/masculino-005.jpeg
FILE|frontend/public/produtos/nacional-premium/masculino/504adab7-e47d-4ee4-9537-3a73146f9101.jpeg -> frontend/public/produtos/nacional-premium/masculino/masculino-006.jpeg
FILE|frontend/public/produtos/nacional-premium/masculino/50f53d65-6037-4677-abac-34a90db37b14.jpeg -> frontend/public/produtos/nacional-premium/masculino/masculino-007.jpeg
FILE|frontend/public/produtos/nacional-premium/masculino/7bc68789-c70d-460f-b46f-a8c45ce48989.jpeg -> frontend/public/produtos/nacional-premium/masculino/masculino-008.jpeg
FILE|frontend/public/produtos/nacional-premium/masculino/7dbd5c3d-d196-49dc-b4a8-6249f0702b0f.jpeg -> frontend/public/produtos/nacional-premium/masculino/masculino-009.jpeg
FILE|frontend/public/produtos/nacional-premium/masculino/8829cf02-91ef-4eed-9ac3-f4e62c7e4a1a.jpeg -> frontend/public/produtos/nacional-premium/masculino/masculino-010.jpeg
FILE|frontend/public/produtos/nacional-premium/masculino/8fe2b635-ffa4-491f-a2a9-8b8eb60b4b6a.jpeg -> frontend/public/produtos/nacional-premium/masculino/masculino-011.jpeg
FILE|frontend/public/produtos/nacional-premium/masculino/900476d0-5356-4f76-acc0-1dbd0b035caa.jpeg -> frontend/public/produtos/nacional-premium/masculino/masculino-012.jpeg
FILE|frontend/public/produtos/nacional-premium/masculino/IMG_0945.jpeg -> frontend/public/produtos/nacional-premium/masculino/masculino-013.jpeg
FILE|frontend/public/produtos/nacional-premium/masculino/a311197b-5686-4e6f-8f1f-67f1d4eebde9.jpeg -> frontend/public/produtos/nacional-premium/masculino/masculino-014.jpeg
FILE|frontend/public/produtos/nacional-premium/masculino/b7d763fd-da92-403e-ae38-fef2cba61533.jpeg -> frontend/public/produtos/nacional-premium/masculino/masculino-015.jpeg
FILE|frontend/public/produtos/nacional-premium/masculino/c6752360-9cfc-41a8-82d2-883910039069.jpeg -> frontend/public/produtos/nacional-premium/masculino/masculino-016.jpeg
DIR|frontend/public/produtos/Regata NBA -> frontend/public/produtos/regata-nba
DIR|frontend/public/produtos/TAILANDESA 1.1 TORCEDOR -> frontend/public/produtos/tailandesa-1-1-torcedor
DIR|frontend/public/produtos/tailandesa-1-1-torcedor/Feminino  -> frontend/public/produtos/tailandesa-1-1-torcedor/feminino
FILE|frontend/public/produtos/tailandesa-1-1-torcedor/feminino/5268c6fb-4bd6-453e-ac60-48fd960efab0.jpeg -> frontend/public/produtos/tailandesa-1-1-torcedor/feminino/feminino-001.jpeg
FILE|frontend/public/produtos/tailandesa-1-1-torcedor/feminino/6ea5b7e4-3f07-4122-beaa-166f57552c22.jpeg -> frontend/public/produtos/tailandesa-1-1-torcedor/feminino/feminino-002.jpeg
FILE|frontend/public/produtos/tailandesa-1-1-torcedor/feminino/aac94b4d-96c9-4724-afae-cf73e48dc287.jpeg -> frontend/public/produtos/tailandesa-1-1-torcedor/feminino/feminino-003.jpeg
FILE|frontend/public/produtos/tailandesa-1-1-torcedor/feminino/aebae832-3a2d-4692-a1c8-6874c6f21d7f.jpeg -> frontend/public/produtos/tailandesa-1-1-torcedor/feminino/feminino-004.jpeg
FILE|frontend/public/produtos/tailandesa-1-1-torcedor/feminino/e0d4c056-655a-4c7f-9d24-97aa7b0cd4f8.jpeg -> frontend/public/produtos/tailandesa-1-1-torcedor/feminino/feminino-005.jpeg
FILE|frontend/public/produtos/tailandesa-1-1-torcedor/feminino/e21becb3-bde0-477c-baf1-ff52f809bdec.jpeg -> frontend/public/produtos/tailandesa-1-1-torcedor/feminino/feminino-006.jpeg
DIR|frontend/public/produtos/tailandesa-1-1-torcedor/Masculino  -> frontend/public/produtos/tailandesa-1-1-torcedor/masculino
FILE|frontend/public/produtos/tailandesa-1-1-torcedor/masculino/75046b35-b0c0-4e47-a5b5-65f54fa24946.jpeg -> frontend/public/produtos/tailandesa-1-1-torcedor/masculino/masculino-001.jpeg
FILE|frontend/public/produtos/tailandesa-1-1-torcedor/masculino/IMG_1396(1).PNG -> frontend/public/produtos/tailandesa-1-1-torcedor/masculino/masculino-002.png
FILE|frontend/public/produtos/tailandesa-1-1-torcedor/masculino/IMG_1396.PNG -> frontend/public/produtos/tailandesa-1-1-torcedor/masculino/masculino-003.png
FILE|frontend/public/produtos/tailandesa-1-1-torcedor/masculino/IMG_9191.jpeg -> frontend/public/produtos/tailandesa-1-1-torcedor/masculino/masculino-004.jpeg
FILE|frontend/public/produtos/tailandesa-1-1-torcedor/masculino/a98da66b-2791-4aa2-a764-4990cf9b2a1e.jpeg -> frontend/public/produtos/tailandesa-1-1-torcedor/masculino/masculino-005.jpeg
FILE|frontend/public/produtos/tailandesa-1-1-torcedor/masculino/fba71468-1524-4f36-8d4b-8ab88b1196c3.jpg -> frontend/public/produtos/tailandesa-1-1-torcedor/masculino/masculino-006.jpg
DIR|frontend/public/produtos/TAILANDESA RETRÔ -> frontend/public/produtos/tailandesa-retro
FILE|frontend/public/produtos/tailandesa-retro/07d4822d-370b-49ea-93bc-39339aaac70a.jpeg -> frontend/public/produtos/tailandesa-retro/tailandesa-retro-001.jpeg
FILE|frontend/public/produtos/tailandesa-retro/21645ed3-369a-4e3e-a595-c3761756cebf.jpeg -> frontend/public/produtos/tailandesa-retro/tailandesa-retro-002.jpeg
FILE|frontend/public/produtos/tailandesa-retro/3d3f9981-5911-45a5-bf3d-a8a086c5442f.jpeg -> frontend/public/produtos/tailandesa-retro/tailandesa-retro-003.jpeg
FILE|frontend/public/produtos/tailandesa-retro/4016f27b-7f9c-43d6-8246-23cd505bd6cf.jpg -> frontend/public/produtos/tailandesa-retro/tailandesa-retro-004.jpg
FILE|frontend/public/produtos/tailandesa-retro/4ffc74d9-3ae6-42a8-8715-f69cc425ee5f.jpg -> frontend/public/produtos/tailandesa-retro/tailandesa-retro-005.jpg
FILE|frontend/public/produtos/tailandesa-retro/54a5c954-3d38-4c81-9174-71e12807e307.jpeg -> frontend/public/produtos/tailandesa-retro/tailandesa-retro-006.jpeg
FILE|frontend/public/produtos/tailandesa-retro/6592c513-902b-446b-a3d3-27a79d71a06a.jpg -> frontend/public/produtos/tailandesa-retro/tailandesa-retro-007.jpg
FILE|frontend/public/produtos/tailandesa-retro/6ebc2f79-aec1-4a04-8866-7f56109eeb40.jpeg -> frontend/public/produtos/tailandesa-retro/tailandesa-retro-008.jpeg
FILE|frontend/public/produtos/tailandesa-retro/7ba919fe-ea12-428d-a723-a35245a017da.jpeg -> frontend/public/produtos/tailandesa-retro/tailandesa-retro-009.jpeg
FILE|frontend/public/produtos/tailandesa-retro/810aaa42-1f71-4c60-992f-4ebbff90d262.jpeg -> frontend/public/produtos/tailandesa-retro/tailandesa-retro-010.jpeg
FILE|frontend/public/produtos/tailandesa-retro/90cec91d-0ae4-43d4-a279-6b4e8e25e1f1.jpeg -> frontend/public/produtos/tailandesa-retro/tailandesa-retro-011.jpeg
FILE|frontend/public/produtos/tailandesa-retro/943a75ac-eeda-46bf-a897-a2c806b5a76b.jpg -> frontend/public/produtos/tailandesa-retro/tailandesa-retro-012.jpg
FILE|frontend/public/produtos/tailandesa-retro/97A05E7D-D398-45BF-9B38-F2D970546EBB.JPEG -> frontend/public/produtos/tailandesa-retro/tailandesa-retro-013.jpeg
FILE|frontend/public/produtos/tailandesa-retro/9ca182ac-f94a-46e7-ad68-98bd93407df0.jpg -> frontend/public/produtos/tailandesa-retro/tailandesa-retro-014.jpg
FILE|frontend/public/produtos/tailandesa-retro/9f10a22d-8bc5-4815-a0b4-d0e3e58494fc.jpg -> frontend/public/produtos/tailandesa-retro/tailandesa-retro-015.jpg
FILE|frontend/public/produtos/tailandesa-retro/CCDD4AEF-2198-4CE5-B01D-D7470AFAD220.jpeg -> frontend/public/produtos/tailandesa-retro/tailandesa-retro-016.jpeg
FILE|frontend/public/produtos/tailandesa-retro/IMG_0967.jpeg -> frontend/public/produtos/tailandesa-retro/tailandesa-retro-017.jpeg
FILE|frontend/public/produtos/tailandesa-retro/IMG_0971.jpeg -> frontend/public/produtos/tailandesa-retro/tailandesa-retro-018.jpeg
FILE|frontend/public/produtos/tailandesa-retro/a36382cb-30b8-4885-a082-eff4a9f6ed0a.jpeg -> frontend/public/produtos/tailandesa-retro/tailandesa-retro-019.jpeg
FILE|frontend/public/produtos/tailandesa-retro/a656a0bd-24f8-4259-b4cc-2a0e55947a18.jpeg -> frontend/public/produtos/tailandesa-retro/tailandesa-retro-020.jpeg
FILE|frontend/public/produtos/tailandesa-retro/b9c51fbf-6dd3-436d-9b97-d733a748c212.jpeg -> frontend/public/produtos/tailandesa-retro/tailandesa-retro-021.jpeg
FILE|frontend/public/produtos/tailandesa-retro/c7038b9d-3070-4214-ae70-3a59646b9cbf.jpg -> frontend/public/produtos/tailandesa-retro/tailandesa-retro-022.jpg
FILE|frontend/public/produtos/tailandesa-retro/cdbd2b03-86fe-4fa7-8b64-ebad01f43a16.jpeg -> frontend/public/produtos/tailandesa-retro/tailandesa-retro-023.jpeg
FILE|frontend/public/produtos/tailandesa-retro/dd8eff9f-d52b-45c5-8c78-082657945344.jpg -> frontend/public/produtos/tailandesa-retro/tailandesa-retro-024.jpg
FILE|frontend/public/produtos/tailandesa-retro/e4726c3c-2f67-43a1-a548-e1ed20ca5fa6.jpg -> frontend/public/produtos/tailandesa-retro/tailandesa-retro-025.jpg
FILE|frontend/public/produtos/tailandesa-retro/e6457393-e0a0-451a-a1a0-ac87ad4721ac.jpeg -> frontend/public/produtos/tailandesa-retro/tailandesa-retro-026.jpeg
FILE|frontend/public/produtos/tailandesa-retro/e6ed0ed0-8e54-46e7-8b3b-9b11578b0f89.jpeg -> frontend/public/produtos/tailandesa-retro/tailandesa-retro-027.jpeg
FILE|frontend/public/produtos/tailandesa-retro/e7a14194-3396-4339-8746-4ec569a76c89.jpeg -> frontend/public/produtos/tailandesa-retro/tailandesa-retro-028.jpeg
FILE|frontend/public/produtos/tailandesa-retro/f40123f0-035a-458d-94bf-8e75eef4e246.jpg -> frontend/public/produtos/tailandesa-retro/tailandesa-retro-029.jpg
FILE|frontend/public/produtos/tailandesa-retro/f48a92c3-ac67-4f1d-939b-db87efd82017.jpeg -> frontend/public/produtos/tailandesa-retro/tailandesa-retro-030.jpeg
FILE|frontend/public/produtos/tailandesa-retro/fc442348-e096-4d60-91de-8bad6761b29b.jpeg -> frontend/public/produtos/tailandesa-retro/tailandesa-retro-031.jpeg
FILE|frontend/public/criativos/BANNER-2.png -> frontend/public/criativos/banner-2.png
FILE|frontend/public/criativos/BANNER.PNG -> frontend/public/criativos/banner.png
FILE|frontend/public/criativos/LOGO-FUNDOBRANCO.png -> frontend/public/criativos/logo-fundobranco.png
FILE|frontend/public/criativos/LOGO-SEMFUNDO.png -> frontend/public/criativos/logo-semfundo.png
FILE|frontend/public/criativos/banner camisas.png -> frontend/public/criativos/banner-camisas.png

Ajustes adicionais: 177

FILE|frontend/public/produtos/bones/IMG_0705.heic -> frontend/public/produtos/bones/bones-001.heic
FILE|frontend/public/produtos/bones/IMG_0706.heic -> frontend/public/produtos/bones/bones-002.heic
FILE|frontend/public/produtos/bones/IMG_0707.heic -> frontend/public/produtos/bones/bones-003.heic
FILE|frontend/public/produtos/bones/IMG_1291.HEIC -> frontend/public/produtos/bones/bones-004.heic
FILE|frontend/public/produtos/bones/IMG_1292.HEIC -> frontend/public/produtos/bones/bones-005.heic
FILE|frontend/public/produtos/bones/IMG_1293.HEIC -> frontend/public/produtos/bones/bones-006.heic
FILE|frontend/public/produtos/bones/IMG_1294.HEIC -> frontend/public/produtos/bones/bones-007.heic
FILE|frontend/public/produtos/bones/IMG_1306.HEIC -> frontend/public/produtos/bones/bones-008.heic
FILE|frontend/public/produtos/bones/IMG_1308.HEIC -> frontend/public/produtos/bones/bones-009.heic
FILE|frontend/public/produtos/bones/IMG_6686.heif -> frontend/public/produtos/bones/bones-010.heif
FILE|frontend/public/produtos/bones/IMG_6700.heif -> frontend/public/produtos/bones/bones-011.heif
FILE|frontend/public/produtos/bones/IMG_6702.heif -> frontend/public/produtos/bones/bones-012.heif
FILE|frontend/public/produtos/kit-infantil-1-1/FullSizeRender.heic -> frontend/public/produtos/kit-infantil-1-1/kit-infantil-1-1-001.heic
FILE|frontend/public/produtos/kit-infantil-1-1/IMG_0439.heif -> frontend/public/produtos/kit-infantil-1-1/kit-infantil-1-1-002.heif
FILE|frontend/public/produtos/kit-infantil-1-1/IMG_5618.heif -> frontend/public/produtos/kit-infantil-1-1/kit-infantil-1-1-003.heif
FILE|frontend/public/produtos/nacional-premium/feminino/IMG_1122.HEIC -> frontend/public/produtos/nacional-premium/feminino/feminino-001.heic
FILE|frontend/public/produtos/nacional-premium/feminino/IMG_3784.HEIC -> frontend/public/produtos/nacional-premium/feminino/feminino-002.heic
FILE|frontend/public/produtos/nacional-premium/feminino/IMG_3788.HEIC -> frontend/public/produtos/nacional-premium/feminino/feminino-003.heic
FILE|frontend/public/produtos/nacional-premium/feminino/IMG_5047.HEIC -> frontend/public/produtos/nacional-premium/feminino/feminino-004.heic
FILE|frontend/public/produtos/nacional-premium/feminino/IMG_6436.HEIC -> frontend/public/produtos/nacional-premium/feminino/feminino-005.heic
FILE|frontend/public/produtos/nacional-premium/feminino/IMG_7066.HEIC -> frontend/public/produtos/nacional-premium/feminino/feminino-006.heic
FILE|frontend/public/produtos/nacional-premium/feminino/IMG_7268.HEIC -> frontend/public/produtos/nacional-premium/feminino/feminino-007.heic
FILE|frontend/public/produtos/nacional-premium/feminino/IMG_7270.HEIC -> frontend/public/produtos/nacional-premium/feminino/feminino-008.heic
FILE|frontend/public/produtos/nacional-premium/feminino/IMG_7666.HEIC -> frontend/public/produtos/nacional-premium/feminino/feminino-009.heic
FILE|frontend/public/produtos/nacional-premium/feminino/IMG_9596.HEIC -> frontend/public/produtos/nacional-premium/feminino/feminino-010.heic
FILE|frontend/public/produtos/nacional-premium/masculino/IMG_0828.HEIC -> frontend/public/produtos/nacional-premium/masculino/masculino-001.heic
FILE|frontend/public/produtos/nacional-premium/masculino/IMG_0830.HEIC -> frontend/public/produtos/nacional-premium/masculino/masculino-002.heic
FILE|frontend/public/produtos/nacional-premium/masculino/IMG_1018.HEIC -> frontend/public/produtos/nacional-premium/masculino/masculino-003.heic
FILE|frontend/public/produtos/nacional-premium/masculino/IMG_1032.heif -> frontend/public/produtos/nacional-premium/masculino/masculino-004.heif
FILE|frontend/public/produtos/nacional-premium/masculino/IMG_1109.HEIC -> frontend/public/produtos/nacional-premium/masculino/masculino-005.heic
FILE|frontend/public/produtos/nacional-premium/masculino/IMG_1275.HEIC -> frontend/public/produtos/nacional-premium/masculino/masculino-006.heic
FILE|frontend/public/produtos/nacional-premium/masculino/IMG_1277.HEIC -> frontend/public/produtos/nacional-premium/masculino/masculino-007.heic
FILE|frontend/public/produtos/nacional-premium/masculino/IMG_1278.HEIC -> frontend/public/produtos/nacional-premium/masculino/masculino-008.heic
FILE|frontend/public/produtos/nacional-premium/masculino/IMG_1280.HEIC -> frontend/public/produtos/nacional-premium/masculino/masculino-009.heic
FILE|frontend/public/produtos/nacional-premium/masculino/IMG_1282.HEIC -> frontend/public/produtos/nacional-premium/masculino/masculino-010.heic
FILE|frontend/public/produtos/nacional-premium/masculino/IMG_1287.HEIC -> frontend/public/produtos/nacional-premium/masculino/masculino-011.heic
FILE|frontend/public/produtos/nacional-premium/masculino/IMG_1288.HEIC -> frontend/public/produtos/nacional-premium/masculino/masculino-012.heic
FILE|frontend/public/produtos/nacional-premium/masculino/IMG_1289.HEIC -> frontend/public/produtos/nacional-premium/masculino/masculino-013.heic
FILE|frontend/public/produtos/nacional-premium/masculino/IMG_1290.HEIC -> frontend/public/produtos/nacional-premium/masculino/masculino-014.heic
FILE|frontend/public/produtos/nacional-premium/masculino/IMG_1672.HEIC -> frontend/public/produtos/nacional-premium/masculino/masculino-015.heic
FILE|frontend/public/produtos/nacional-premium/masculino/IMG_2240.HEIC -> frontend/public/produtos/nacional-premium/masculino/masculino-016.heic
FILE|frontend/public/produtos/nacional-premium/masculino/IMG_2242.HEIC -> frontend/public/produtos/nacional-premium/masculino/masculino-017.heic
FILE|frontend/public/produtos/nacional-premium/masculino/IMG_2244.HEIC -> frontend/public/produtos/nacional-premium/masculino/masculino-018.heic
FILE|frontend/public/produtos/nacional-premium/masculino/IMG_2246.HEIC -> frontend/public/produtos/nacional-premium/masculino/masculino-019.heic
FILE|frontend/public/produtos/nacional-premium/masculino/IMG_2248.HEIC -> frontend/public/produtos/nacional-premium/masculino/masculino-020.heic
FILE|frontend/public/produtos/nacional-premium/masculino/IMG_2250.HEIC -> frontend/public/produtos/nacional-premium/masculino/masculino-021.heic
FILE|frontend/public/produtos/nacional-premium/masculino/IMG_2252.HEIC -> frontend/public/produtos/nacional-premium/masculino/masculino-022.heic
FILE|frontend/public/produtos/nacional-premium/masculino/IMG_2255.HEIC -> frontend/public/produtos/nacional-premium/masculino/masculino-023.heic
FILE|frontend/public/produtos/nacional-premium/masculino/IMG_2258.HEIC -> frontend/public/produtos/nacional-premium/masculino/masculino-024.heic
FILE|frontend/public/produtos/nacional-premium/masculino/IMG_2999.heif -> frontend/public/produtos/nacional-premium/masculino/masculino-025.heif
FILE|frontend/public/produtos/nacional-premium/masculino/IMG_3436.HEIC -> frontend/public/produtos/nacional-premium/masculino/masculino-026.heic
FILE|frontend/public/produtos/nacional-premium/masculino/IMG_3931.HEIC -> frontend/public/produtos/nacional-premium/masculino/masculino-027.heic
FILE|frontend/public/produtos/nacional-premium/masculino/IMG_3934.HEIC -> frontend/public/produtos/nacional-premium/masculino/masculino-028.heic
FILE|frontend/public/produtos/nacional-premium/masculino/IMG_5679.HEIC -> frontend/public/produtos/nacional-premium/masculino/masculino-029.heic
FILE|frontend/public/produtos/nacional-premium/masculino/IMG_5683.heif -> frontend/public/produtos/nacional-premium/masculino/masculino-030.heif
FILE|frontend/public/produtos/nacional-premium/masculino/IMG_6479.HEIC -> frontend/public/produtos/nacional-premium/masculino/masculino-031.heic
FILE|frontend/public/produtos/nacional-premium/masculino/IMG_6481.HEIC -> frontend/public/produtos/nacional-premium/masculino/masculino-032.heic
FILE|frontend/public/produtos/nacional-premium/masculino/IMG_6484.HEIC -> frontend/public/produtos/nacional-premium/masculino/masculino-033.heic
FILE|frontend/public/produtos/nacional-premium/masculino/IMG_7463.HEIC -> frontend/public/produtos/nacional-premium/masculino/masculino-034.heic
FILE|frontend/public/produtos/nacional-premium/masculino/IMG_7465.HEIC -> frontend/public/produtos/nacional-premium/masculino/masculino-035.heic
FILE|frontend/public/produtos/nacional-premium/masculino/IMG_7467.HEIC -> frontend/public/produtos/nacional-premium/masculino/masculino-036.heic
FILE|frontend/public/produtos/nacional-premium/masculino/IMG_7568.heif -> frontend/public/produtos/nacional-premium/masculino/masculino-037.heif
FILE|frontend/public/produtos/nacional-premium/masculino/IMG_8904.HEIC -> frontend/public/produtos/nacional-premium/masculino/masculino-038.heic
FILE|frontend/public/produtos/nacional-premium/masculino/IMG_8907.HEIC -> frontend/public/produtos/nacional-premium/masculino/masculino-039.heic
FILE|frontend/public/produtos/nacional-premium/masculino/IMG_9594.HEIC -> frontend/public/produtos/nacional-premium/masculino/masculino-040.heic
FILE|frontend/public/produtos/regata-nba/IMG_3273.heif -> frontend/public/produtos/regata-nba/regata-nba-001.heif
FILE|frontend/public/produtos/regata-nba/IMG_3365.heif -> frontend/public/produtos/regata-nba/regata-nba-002.heif
FILE|frontend/public/produtos/regata-nba/IMG_3369.heif -> frontend/public/produtos/regata-nba/regata-nba-003.heif
FILE|frontend/public/produtos/regata-nba/IMG_3371.heif -> frontend/public/produtos/regata-nba/regata-nba-004.heif
FILE|frontend/public/produtos/regata-nba/IMG_3406.heif -> frontend/public/produtos/regata-nba/regata-nba-005.heif
FILE|frontend/public/produtos/regata-nba/IMG_3408.heif -> frontend/public/produtos/regata-nba/regata-nba-006.heif
FILE|frontend/public/produtos/regata-nba/IMG_3410.heif -> frontend/public/produtos/regata-nba/regata-nba-007.heif
FILE|frontend/public/produtos/tailandesa-1-1-torcedor/feminino/IMG_1344.HEIC -> frontend/public/produtos/tailandesa-1-1-torcedor/feminino/feminino-001.heic
FILE|frontend/public/produtos/tailandesa-1-1-torcedor/feminino/IMG_1675.HEIC -> frontend/public/produtos/tailandesa-1-1-torcedor/feminino/feminino-002.heic
FILE|frontend/public/produtos/tailandesa-1-1-torcedor/feminino/IMG_9152.HEIC -> frontend/public/produtos/tailandesa-1-1-torcedor/feminino/feminino-003.heic
FILE|frontend/public/produtos/tailandesa-1-1-torcedor/feminino/IMG_9382.HEIC -> frontend/public/produtos/tailandesa-1-1-torcedor/feminino/feminino-004.heic
FILE|frontend/public/produtos/tailandesa-1-1-torcedor/masculino/IMG_0127.heif -> frontend/public/produtos/tailandesa-1-1-torcedor/masculino/masculino-001.heif
FILE|frontend/public/produtos/tailandesa-1-1-torcedor/masculino/IMG_0178.heif -> frontend/public/produtos/tailandesa-1-1-torcedor/masculino/masculino-002.heif
FILE|frontend/public/produtos/tailandesa-1-1-torcedor/masculino/IMG_0340.HEIC -> frontend/public/produtos/tailandesa-1-1-torcedor/masculino/masculino-003.heic
FILE|frontend/public/produtos/tailandesa-1-1-torcedor/masculino/IMG_0700.heif -> frontend/public/produtos/tailandesa-1-1-torcedor/masculino/masculino-004.heif
FILE|frontend/public/produtos/tailandesa-1-1-torcedor/masculino/IMG_0818.HEIC -> frontend/public/produtos/tailandesa-1-1-torcedor/masculino/masculino-005.heic
FILE|frontend/public/produtos/tailandesa-1-1-torcedor/masculino/IMG_0823.HEIC -> frontend/public/produtos/tailandesa-1-1-torcedor/masculino/masculino-006.heic
FILE|frontend/public/produtos/tailandesa-1-1-torcedor/masculino/IMG_0851.HEIC -> frontend/public/produtos/tailandesa-1-1-torcedor/masculino/masculino-007.heic
FILE|frontend/public/produtos/tailandesa-1-1-torcedor/masculino/IMG_1012.HEIC -> frontend/public/produtos/tailandesa-1-1-torcedor/masculino/masculino-008.heic
FILE|frontend/public/produtos/tailandesa-1-1-torcedor/masculino/IMG_1081(1).HEIC -> frontend/public/produtos/tailandesa-1-1-torcedor/masculino/masculino-009.heic
FILE|frontend/public/produtos/tailandesa-1-1-torcedor/masculino/IMG_1081.HEIC -> frontend/public/produtos/tailandesa-1-1-torcedor/masculino/masculino-010.heic
FILE|frontend/public/produtos/tailandesa-1-1-torcedor/masculino/IMG_1112.HEIC -> frontend/public/produtos/tailandesa-1-1-torcedor/masculino/masculino-011.heic
FILE|frontend/public/produtos/tailandesa-1-1-torcedor/masculino/IMG_1116.HEIC -> frontend/public/produtos/tailandesa-1-1-torcedor/masculino/masculino-012.heic
FILE|frontend/public/produtos/tailandesa-1-1-torcedor/masculino/IMG_1120.HEIC -> frontend/public/produtos/tailandesa-1-1-torcedor/masculino/masculino-013.heic
FILE|frontend/public/produtos/tailandesa-1-1-torcedor/masculino/IMG_1194(1).HEIC -> frontend/public/produtos/tailandesa-1-1-torcedor/masculino/masculino-014.heic
FILE|frontend/public/produtos/tailandesa-1-1-torcedor/masculino/IMG_1194.HEIC -> frontend/public/produtos/tailandesa-1-1-torcedor/masculino/masculino-015.heic
FILE|frontend/public/produtos/tailandesa-1-1-torcedor/masculino/IMG_1195.HEIC -> frontend/public/produtos/tailandesa-1-1-torcedor/masculino/masculino-016.heic
FILE|frontend/public/produtos/tailandesa-1-1-torcedor/masculino/IMG_1200(1).HEIC -> frontend/public/produtos/tailandesa-1-1-torcedor/masculino/masculino-017.heic
FILE|frontend/public/produtos/tailandesa-1-1-torcedor/masculino/IMG_1200.HEIC -> frontend/public/produtos/tailandesa-1-1-torcedor/masculino/masculino-018.heic
FILE|frontend/public/produtos/tailandesa-1-1-torcedor/masculino/IMG_1205(1).HEIC -> frontend/public/produtos/tailandesa-1-1-torcedor/masculino/masculino-019.heic
FILE|frontend/public/produtos/tailandesa-1-1-torcedor/masculino/IMG_1205.HEIC -> frontend/public/produtos/tailandesa-1-1-torcedor/masculino/masculino-020.heic
FILE|frontend/public/produtos/tailandesa-1-1-torcedor/masculino/IMG_1206.HEIC -> frontend/public/produtos/tailandesa-1-1-torcedor/masculino/masculino-021.heic
FILE|frontend/public/produtos/tailandesa-1-1-torcedor/masculino/IMG_1210(1).HEIC -> frontend/public/produtos/tailandesa-1-1-torcedor/masculino/masculino-022.heic
FILE|frontend/public/produtos/tailandesa-1-1-torcedor/masculino/IMG_1210.HEIC -> frontend/public/produtos/tailandesa-1-1-torcedor/masculino/masculino-023.heic
FILE|frontend/public/produtos/tailandesa-1-1-torcedor/masculino/IMG_1214(1).HEIC -> frontend/public/produtos/tailandesa-1-1-torcedor/masculino/masculino-024.heic
FILE|frontend/public/produtos/tailandesa-1-1-torcedor/masculino/IMG_1214.HEIC -> frontend/public/produtos/tailandesa-1-1-torcedor/masculino/masculino-025.heic
FILE|frontend/public/produtos/tailandesa-1-1-torcedor/masculino/IMG_1220(1).HEIC -> frontend/public/produtos/tailandesa-1-1-torcedor/masculino/masculino-026.heic
FILE|frontend/public/produtos/tailandesa-1-1-torcedor/masculino/IMG_1220.HEIC -> frontend/public/produtos/tailandesa-1-1-torcedor/masculino/masculino-027.heic
FILE|frontend/public/produtos/tailandesa-1-1-torcedor/masculino/IMG_1351.HEIC -> frontend/public/produtos/tailandesa-1-1-torcedor/masculino/masculino-028.heic
FILE|frontend/public/produtos/tailandesa-1-1-torcedor/masculino/IMG_1356(1).HEIC -> frontend/public/produtos/tailandesa-1-1-torcedor/masculino/masculino-029.heic
FILE|frontend/public/produtos/tailandesa-1-1-torcedor/masculino/IMG_1356.HEIC -> frontend/public/produtos/tailandesa-1-1-torcedor/masculino/masculino-030.heic
FILE|frontend/public/produtos/tailandesa-1-1-torcedor/masculino/IMG_1360.HEIC -> frontend/public/produtos/tailandesa-1-1-torcedor/masculino/masculino-031.heic
FILE|frontend/public/produtos/tailandesa-1-1-torcedor/masculino/IMG_1373.HEIC -> frontend/public/produtos/tailandesa-1-1-torcedor/masculino/masculino-032.heic
FILE|frontend/public/produtos/tailandesa-1-1-torcedor/masculino/IMG_1377.HEIC -> frontend/public/produtos/tailandesa-1-1-torcedor/masculino/masculino-033.heic
FILE|frontend/public/produtos/tailandesa-1-1-torcedor/masculino/IMG_1382.HEIC -> frontend/public/produtos/tailandesa-1-1-torcedor/masculino/masculino-034.heic
FILE|frontend/public/produtos/tailandesa-1-1-torcedor/masculino/IMG_1677.HEIC -> frontend/public/produtos/tailandesa-1-1-torcedor/masculino/masculino-035.heic
FILE|frontend/public/produtos/tailandesa-1-1-torcedor/masculino/IMG_2997.HEIC -> frontend/public/produtos/tailandesa-1-1-torcedor/masculino/masculino-036.heic
FILE|frontend/public/produtos/tailandesa-1-1-torcedor/masculino/IMG_3082.heif -> frontend/public/produtos/tailandesa-1-1-torcedor/masculino/masculino-037.heif
FILE|frontend/public/produtos/tailandesa-1-1-torcedor/masculino/IMG_3563.HEIC -> frontend/public/produtos/tailandesa-1-1-torcedor/masculino/masculino-038.heic
FILE|frontend/public/produtos/tailandesa-1-1-torcedor/masculino/IMG_3565.HEIC -> frontend/public/produtos/tailandesa-1-1-torcedor/masculino/masculino-039.heic
FILE|frontend/public/produtos/tailandesa-1-1-torcedor/masculino/IMG_3566.heif -> frontend/public/produtos/tailandesa-1-1-torcedor/masculino/masculino-040.heif
FILE|frontend/public/produtos/tailandesa-1-1-torcedor/masculino/IMG_3570.HEIC -> frontend/public/produtos/tailandesa-1-1-torcedor/masculino/masculino-041.heic
FILE|frontend/public/produtos/tailandesa-1-1-torcedor/masculino/IMG_4075.HEIC -> frontend/public/produtos/tailandesa-1-1-torcedor/masculino/masculino-042.heic
FILE|frontend/public/produtos/tailandesa-1-1-torcedor/masculino/IMG_4278.HEIC -> frontend/public/produtos/tailandesa-1-1-torcedor/masculino/masculino-043.heic
FILE|frontend/public/produtos/tailandesa-1-1-torcedor/masculino/IMG_4280.HEIC -> frontend/public/produtos/tailandesa-1-1-torcedor/masculino/masculino-044.heic
FILE|frontend/public/produtos/tailandesa-1-1-torcedor/masculino/IMG_4766.HEIC -> frontend/public/produtos/tailandesa-1-1-torcedor/masculino/masculino-045.heic
FILE|frontend/public/produtos/tailandesa-1-1-torcedor/masculino/IMG_5049(1).heif -> frontend/public/produtos/tailandesa-1-1-torcedor/masculino/masculino-046.heif
FILE|frontend/public/produtos/tailandesa-1-1-torcedor/masculino/IMG_5049.heif -> frontend/public/produtos/tailandesa-1-1-torcedor/masculino/masculino-047.heif
FILE|frontend/public/produtos/tailandesa-1-1-torcedor/masculino/IMG_5051.heif -> frontend/public/produtos/tailandesa-1-1-torcedor/masculino/masculino-048.heif
FILE|frontend/public/produtos/tailandesa-1-1-torcedor/masculino/IMG_5061.HEIC -> frontend/public/produtos/tailandesa-1-1-torcedor/masculino/masculino-049.heic
FILE|frontend/public/produtos/tailandesa-1-1-torcedor/masculino/IMG_5154.heif -> frontend/public/produtos/tailandesa-1-1-torcedor/masculino/masculino-050.heif
FILE|frontend/public/produtos/tailandesa-1-1-torcedor/masculino/IMG_5640.HEIC -> frontend/public/produtos/tailandesa-1-1-torcedor/masculino/masculino-051.heic
FILE|frontend/public/produtos/tailandesa-1-1-torcedor/masculino/IMG_5640.heif -> frontend/public/produtos/tailandesa-1-1-torcedor/masculino/masculino-052.heif
FILE|frontend/public/produtos/tailandesa-1-1-torcedor/masculino/IMG_5854.HEIC -> frontend/public/produtos/tailandesa-1-1-torcedor/masculino/masculino-053.heic
FILE|frontend/public/produtos/tailandesa-1-1-torcedor/masculino/IMG_5858.HEIC -> frontend/public/produtos/tailandesa-1-1-torcedor/masculino/masculino-054.heic
FILE|frontend/public/produtos/tailandesa-1-1-torcedor/masculino/IMG_6052.heif -> frontend/public/produtos/tailandesa-1-1-torcedor/masculino/masculino-055.heif
FILE|frontend/public/produtos/tailandesa-1-1-torcedor/masculino/IMG_6249.heif -> frontend/public/produtos/tailandesa-1-1-torcedor/masculino/masculino-056.heif
FILE|frontend/public/produtos/tailandesa-1-1-torcedor/masculino/IMG_6737.heif -> frontend/public/produtos/tailandesa-1-1-torcedor/masculino/masculino-057.heif
FILE|frontend/public/produtos/tailandesa-1-1-torcedor/masculino/IMG_6864.heif -> frontend/public/produtos/tailandesa-1-1-torcedor/masculino/masculino-058.heif
FILE|frontend/public/produtos/tailandesa-1-1-torcedor/masculino/IMG_7048.HEIC -> frontend/public/produtos/tailandesa-1-1-torcedor/masculino/masculino-059.heic
FILE|frontend/public/produtos/tailandesa-1-1-torcedor/masculino/IMG_7052.heif -> frontend/public/produtos/tailandesa-1-1-torcedor/masculino/masculino-060.heif
FILE|frontend/public/produtos/tailandesa-1-1-torcedor/masculino/IMG_7262.HEIC -> frontend/public/produtos/tailandesa-1-1-torcedor/masculino/masculino-061.heic
FILE|frontend/public/produtos/tailandesa-1-1-torcedor/masculino/IMG_7264.HEIC -> frontend/public/produtos/tailandesa-1-1-torcedor/masculino/masculino-062.heic
FILE|frontend/public/produtos/tailandesa-1-1-torcedor/masculino/IMG_7266.HEIC -> frontend/public/produtos/tailandesa-1-1-torcedor/masculino/masculino-063.heic
FILE|frontend/public/produtos/tailandesa-1-1-torcedor/masculino/IMG_7452.heif -> frontend/public/produtos/tailandesa-1-1-torcedor/masculino/masculino-064.heif
FILE|frontend/public/produtos/tailandesa-1-1-torcedor/masculino/IMG_7649.heif -> frontend/public/produtos/tailandesa-1-1-torcedor/masculino/masculino-065.heif
FILE|frontend/public/produtos/tailandesa-1-1-torcedor/masculino/IMG_7662.heif -> frontend/public/produtos/tailandesa-1-1-torcedor/masculino/masculino-066.heif
FILE|frontend/public/produtos/tailandesa-1-1-torcedor/masculino/IMG_7669.heif -> frontend/public/produtos/tailandesa-1-1-torcedor/masculino/masculino-067.heif
FILE|frontend/public/produtos/tailandesa-1-1-torcedor/masculino/IMG_7672.heif -> frontend/public/produtos/tailandesa-1-1-torcedor/masculino/masculino-068.heif
FILE|frontend/public/produtos/tailandesa-1-1-torcedor/masculino/IMG_7862.heif -> frontend/public/produtos/tailandesa-1-1-torcedor/masculino/masculino-069.heif
FILE|frontend/public/produtos/tailandesa-1-1-torcedor/masculino/IMG_7870.heif -> frontend/public/produtos/tailandesa-1-1-torcedor/masculino/masculino-070.heif
FILE|frontend/public/produtos/tailandesa-1-1-torcedor/masculino/IMG_7889.heif -> frontend/public/produtos/tailandesa-1-1-torcedor/masculino/masculino-071.heif
FILE|frontend/public/produtos/tailandesa-1-1-torcedor/masculino/IMG_7973.HEIC -> frontend/public/produtos/tailandesa-1-1-torcedor/masculino/masculino-072.heic
FILE|frontend/public/produtos/tailandesa-1-1-torcedor/masculino/IMG_8548.heif -> frontend/public/produtos/tailandesa-1-1-torcedor/masculino/masculino-073.heif
FILE|frontend/public/produtos/tailandesa-1-1-torcedor/masculino/IMG_9142.heif -> frontend/public/produtos/tailandesa-1-1-torcedor/masculino/masculino-074.heif
FILE|frontend/public/produtos/tailandesa-1-1-torcedor/masculino/IMG_9148.heif -> frontend/public/produtos/tailandesa-1-1-torcedor/masculino/masculino-075.heif
FILE|frontend/public/produtos/tailandesa-1-1-torcedor/masculino/IMG_9158.HEIC -> frontend/public/produtos/tailandesa-1-1-torcedor/masculino/masculino-076.heic
FILE|frontend/public/produtos/tailandesa-1-1-torcedor/masculino/IMG_9170.heif -> frontend/public/produtos/tailandesa-1-1-torcedor/masculino/masculino-077.heif
FILE|frontend/public/produtos/tailandesa-1-1-torcedor/masculino/IMG_9587.heif -> frontend/public/produtos/tailandesa-1-1-torcedor/masculino/masculino-078.heif
FILE|frontend/public/produtos/tailandesa-1-1-torcedor/masculino/IMG_9803.heif -> frontend/public/produtos/tailandesa-1-1-torcedor/masculino/masculino-079.heif
FILE|frontend/public/produtos/tailandesa-1-1-torcedor/masculino/IMG_9814.heif -> frontend/public/produtos/tailandesa-1-1-torcedor/masculino/masculino-080.heif
FILE|frontend/public/produtos/tailandesa-retro/FullSizeRender(1).heic -> frontend/public/produtos/tailandesa-retro/tailandesa-retro-001.heic
FILE|frontend/public/produtos/tailandesa-retro/FullSizeRender.heic -> frontend/public/produtos/tailandesa-retro/tailandesa-retro-002.heic
FILE|frontend/public/produtos/tailandesa-retro/IMG_0364.HEIC -> frontend/public/produtos/tailandesa-retro/tailandesa-retro-003.heic
FILE|frontend/public/produtos/tailandesa-retro/IMG_1071.HEIC -> frontend/public/produtos/tailandesa-retro/tailandesa-retro-004.heic
FILE|frontend/public/produtos/tailandesa-retro/IMG_1342.HEIC -> frontend/public/produtos/tailandesa-retro/tailandesa-retro-005.heic
FILE|frontend/public/produtos/tailandesa-retro/IMG_1369.HEIC -> frontend/public/produtos/tailandesa-retro/tailandesa-retro-006.heic
FILE|frontend/public/produtos/tailandesa-retro/IMG_1391.HEIC -> frontend/public/produtos/tailandesa-retro/tailandesa-retro-007.heic
FILE|frontend/public/produtos/tailandesa-retro/IMG_2257.heif -> frontend/public/produtos/tailandesa-retro/tailandesa-retro-008.heif
FILE|frontend/public/produtos/tailandesa-retro/IMG_3785.HEIC -> frontend/public/produtos/tailandesa-retro/tailandesa-retro-009.heic
FILE|frontend/public/produtos/tailandesa-retro/IMG_3787.HEIC -> frontend/public/produtos/tailandesa-retro/tailandesa-retro-010.heic
FILE|frontend/public/produtos/tailandesa-retro/IMG_3789.HEIC -> frontend/public/produtos/tailandesa-retro/tailandesa-retro-011.heic
FILE|frontend/public/produtos/tailandesa-retro/IMG_4510.HEIC -> frontend/public/produtos/tailandesa-retro/tailandesa-retro-012.heic
FILE|frontend/public/produtos/tailandesa-retro/IMG_4511.heif -> frontend/public/produtos/tailandesa-retro/tailandesa-retro-013.heif
FILE|frontend/public/produtos/tailandesa-retro/IMG_4823(1).heif -> frontend/public/produtos/tailandesa-retro/tailandesa-retro-014.heif
FILE|frontend/public/produtos/tailandesa-retro/IMG_4823.heif -> frontend/public/produtos/tailandesa-retro/tailandesa-retro-015.heif
FILE|frontend/public/produtos/tailandesa-retro/IMG_5137.heif -> frontend/public/produtos/tailandesa-retro/tailandesa-retro-016.heif
FILE|frontend/public/produtos/tailandesa-retro/IMG_7049.HEIC -> frontend/public/produtos/tailandesa-retro/tailandesa-retro-017.heic
FILE|frontend/public/produtos/tailandesa-retro/IMG_9799.HEIC -> frontend/public/produtos/tailandesa-retro/tailandesa-retro-018.heic
FILE|frontend/public/produtos/tailandesa-retro/IMG_9807.HEIC -> frontend/public/produtos/tailandesa-retro/tailandesa-retro-019.heic
FILE|frontend/public/produtos/tailandesa-retro/IMG_9949.HEIC -> frontend/public/produtos/tailandesa-retro/tailandesa-retro-020.heic
FILE|frontend/public/produtos/tailandesa-retro/IMG_9953.HEIC -> frontend/public/produtos/tailandesa-retro/tailandesa-retro-021.heic

Ajustes de video: 18

FILE|frontend/public/produtos/corrente-banhado-ouro-18k/correntes-finas-1-2mm/cadeado-1-2mm/IMG_1194.mov -> frontend/public/produtos/corrente-banhado-ouro-18k/correntes-finas-1-2mm/cadeado-1-2mm/cadeado-1-2mm-video-001.mov
FILE|frontend/public/produtos/corrente-banhado-ouro-18k/correntes-finas-1-2mm/cadeado-1-2mm/IMG_1201.mov -> frontend/public/produtos/corrente-banhado-ouro-18k/correntes-finas-1-2mm/cadeado-1-2mm/cadeado-1-2mm-video-002.mov
FILE|frontend/public/produtos/corrente-banhado-ouro-18k/correntes-finas-1-2mm/cadeado-1-2mm/IMG_1207.mov -> frontend/public/produtos/corrente-banhado-ouro-18k/correntes-finas-1-2mm/cadeado-1-2mm/cadeado-1-2mm-video-003.mov
FILE|frontend/public/produtos/corrente-banhado-ouro-18k/correntes-finas-1-2mm/grumet-2mm/IMG_1119.mov -> frontend/public/produtos/corrente-banhado-ouro-18k/correntes-finas-1-2mm/grumet-2mm/grumet-2mm-video-001.mov
FILE|frontend/public/produtos/corrente-banhado-ouro-18k/correntes-finas-1-2mm/grumet-2mm/IMG_1126.mov -> frontend/public/produtos/corrente-banhado-ouro-18k/correntes-finas-1-2mm/grumet-2mm/grumet-2mm-video-002.mov
FILE|frontend/public/produtos/corrente-banhado-ouro-18k/correntes-finas-1-2mm/grumet-2mm/IMG_1128.mov -> frontend/public/produtos/corrente-banhado-ouro-18k/correntes-finas-1-2mm/grumet-2mm/grumet-2mm-video-003.mov
FILE|frontend/public/produtos/corrente-banhado-ouro-18k/correntes-finas-1-2mm/veneziana-1-2mm/IMG_1169.mov -> frontend/public/produtos/corrente-banhado-ouro-18k/correntes-finas-1-2mm/veneziana-1-2mm/veneziana-1-2mm-video-001.mov
FILE|frontend/public/produtos/corrente-banhado-ouro-18k/correntes-finas-1-2mm/veneziana-1-2mm/IMG_1174.mov -> frontend/public/produtos/corrente-banhado-ouro-18k/correntes-finas-1-2mm/veneziana-1-2mm/veneziana-1-2mm-video-002.mov
FILE|frontend/public/produtos/corrente-banhado-ouro-18k/correntes-finas-1-2mm/veneziana-1-2mm/IMG_1184.mov -> frontend/public/produtos/corrente-banhado-ouro-18k/correntes-finas-1-2mm/veneziana-1-2mm/veneziana-1-2mm-video-003.mov
FILE|frontend/public/produtos/corrente-banhado-ouro-18k/correntes-medias-3mm/cadeado-3mm/IMG_2089.MOV -> frontend/public/produtos/corrente-banhado-ouro-18k/correntes-medias-3mm/cadeado-3mm/cadeado-3mm-video-001.mov
FILE|frontend/public/produtos/corrente-banhado-ouro-18k/correntes-medias-3mm/cadeado-3mm/IMG_2092.MOV -> frontend/public/produtos/corrente-banhado-ouro-18k/correntes-medias-3mm/cadeado-3mm/cadeado-3mm-video-002.mov
FILE|frontend/public/produtos/corrente-banhado-ouro-18k/correntes-medias-3mm/cadeado-3mm/IMG_2095.MOV -> frontend/public/produtos/corrente-banhado-ouro-18k/correntes-medias-3mm/cadeado-3mm/cadeado-3mm-video-003.mov
FILE|frontend/public/produtos/corrente-banhado-ouro-18k/correntes-medias-3mm/grumet-3mm/IMG_2099.MOV -> frontend/public/produtos/corrente-banhado-ouro-18k/correntes-medias-3mm/grumet-3mm/grumet-3mm-video-001.mov
FILE|frontend/public/produtos/corrente-banhado-ouro-18k/correntes-medias-3mm/grumet-3mm/IMG_2104.MOV -> frontend/public/produtos/corrente-banhado-ouro-18k/correntes-medias-3mm/grumet-3mm/grumet-3mm-video-002.mov
FILE|frontend/public/produtos/corrente-banhado-ouro-18k/correntes-medias-3mm/grumet-3mm/IMG_2108.MOV -> frontend/public/produtos/corrente-banhado-ouro-18k/correntes-medias-3mm/grumet-3mm/grumet-3mm-video-003.mov
FILE|frontend/public/produtos/corrente-banhado-ouro-18k/correntes-medias-3mm/longa-3mm/IMG_2076.MOV -> frontend/public/produtos/corrente-banhado-ouro-18k/correntes-medias-3mm/longa-3mm/longa-3mm-video-001.mov
FILE|frontend/public/produtos/corrente-banhado-ouro-18k/correntes-medias-3mm/longa-3mm/IMG_2081.MOV -> frontend/public/produtos/corrente-banhado-ouro-18k/correntes-medias-3mm/longa-3mm/longa-3mm-video-002.mov
FILE|frontend/public/produtos/corrente-banhado-ouro-18k/correntes-medias-3mm/longa-3mm/IMG_2086.MOV -> frontend/public/produtos/corrente-banhado-ouro-18k/correntes-medias-3mm/longa-3mm/longa-3mm-video-003.mov
